Date,open,high,low,close,adj close,volume
2017-12-12,25.0,25.0,25.0,25.0,25.0,100
2017-12-13,25.0,25.0,25.0,25.0,25.0,0
2017-12-14,25.0,25.0,25.0,25.0,25.0,0
2017-12-15,25.0,25.0,25.0,25.0,25.0,0
2017-12-18,25.0,25.0,25.0,25.0,25.0,0
2017-12-19,25.0,25.0,25.0,25.0,25.0,0
2017-12-20,25.0,25.0,25.0,25.0,25.0,0
2017-12-21,25.0,25.0,25.0,25.0,25.0,0
2017-12-22,25.0,25.0,25.0,25.0,25.0,0
2017-12-26,25.0,25.0,25.0,25.0,25.0,0
2017-12-27,25.0,25.0,25.0,25.0,25.0,0
2017-12-28,25.0,25.0,25.0,25.0,25.0,0
2017-12-29,25.0,25.0,25.0,25.0,25.0,0
2018-01-02,25.0,25.0,25.0,25.0,25.0,0
2018-01-03,25.0,25.0,25.0,25.0,25.0,0
2018-01-04,25.0,25.0,25.0,25.0,25.0,0
2018-01-05,25.0,25.0,25.0,25.0,25.0,0
2018-01-08,25.0,25.0,25.0,25.0,25.0,0
2018-01-09,25.0,25.0,25.0,25.0,25.0,0
2018-01-10,25.0,25.0,25.0,25.0,25.0,0
2018-01-11,25.0,25.0,25.0,25.0,25.0,0
2018-01-12,25.0,25.0,25.0,25.0,25.0,0
2018-01-16,25.0,25.0,25.0,25.0,25.0,0
2018-01-17,25.0,25.0,25.0,25.0,25.0,0
2018-01-18,25.0,25.0,25.0,25.0,25.0,0
2018-01-19,25.0,25.0,25.0,25.0,25.0,0
2018-01-22,25.0,25.0,25.0,25.0,25.0,0
2018-01-23,25.0,25.0,25.0,25.0,25.0,0
2018-01-24,25.0,25.0,25.0,25.0,25.0,0
2018-01-25,25.0,25.0,25.0,25.0,25.0,0
2018-01-26,29.32999992370605,29.32999992370605,29.15999984741211,29.23200035095215,29.23200035095215,1200
2018-01-29,29.23200035095215,29.23200035095215,29.23200035095215,29.23200035095215,29.23200035095215,0
2018-01-30,29.5,29.5,29.5,29.5,29.5,800
2018-01-31,29.5,29.5,29.5,29.5,29.5,0
2018-02-01,28.46999931335449,28.46999931335449,28.415000915527344,28.415000915527344,28.415000915527344,500
2018-02-02,27.700000762939453,27.700000762939453,27.68000030517578,27.68000030517578,27.68000030517578,300
2018-02-05,27.729999542236328,28.540000915527344,27.649999618530277,28.26000022888184,28.26000022888184,1600
2018-02-06,28.26000022888184,28.26000022888184,28.26000022888184,28.26000022888184,28.26000022888184,0
2018-02-07,28.26000022888184,28.26000022888184,28.26000022888184,28.26000022888184,28.26000022888184,0
2018-02-08,28.780000686645508,28.979999542236328,28.780000686645508,28.979999542236328,28.979999542236328,200
2018-02-09,28.979999542236328,28.979999542236328,28.979999542236328,28.979999542236328,28.979999542236328,0
2018-02-12,29.100000381469727,29.100000381469727,29.100000381469727,29.100000381469727,29.100000381469727,200
2018-02-13,29.100000381469727,29.100000381469727,29.100000381469727,29.100000381469727,29.100000381469727,0
2018-02-14,29.100000381469727,29.100000381469727,29.100000381469727,29.100000381469727,29.100000381469727,0
2018-02-15,31.75,32.06999969482422,31.75,31.989999771118164,31.989999771118164,1600
2018-02-16,31.989999771118164,31.989999771118164,31.989999771118164,31.989999771118164,31.989999771118164,0
2018-02-20,29.540000915527344,30.80500030517578,29.540000915527344,30.790000915527344,30.790000915527344,2000
2018-02-21,30.299999237060547,30.299999237060547,30.299999237060547,30.299999237060547,30.299999237060547,300
2018-02-22,31.32999992370605,31.32999992370605,31.32999992370605,31.32999992370605,31.32999992370605,2300
2018-02-23,31.09000015258789,31.399999618530277,31.06999969482422,31.399999618530277,31.399999618530277,1400
2018-02-26,31.399999618530277,31.399999618530277,31.399999618530277,31.399999618530277,31.399999618530277,0
2018-02-27,31.399999618530277,31.399999618530277,31.399999618530277,31.399999618530277,31.399999618530277,0
2018-02-28,30.90999984741211,30.90999984741211,30.90999984741211,30.90999984741211,30.90999984741211,200
2018-03-01,30.84000015258789,30.84000015258789,30.825000762939453,30.825000762939453,30.825000762939453,500
2018-03-02,30.825000762939453,30.825000762939453,30.825000762939453,30.825000762939453,30.825000762939453,0
2018-03-05,32.189998626708984,39.220001220703125,31.5,31.71999931335449,31.71999931335449,9600
2018-03-06,32.06999969482422,32.06999969482422,32.0,32.0,32.0,2100
2018-03-07,31.8700008392334,31.8700008392334,31.8700008392334,31.8700008392334,31.8700008392334,1000
2018-03-08,31.8700008392334,31.8700008392334,31.8700008392334,31.8700008392334,31.8700008392334,0
2018-03-09,30.81999969482422,30.989999771118164,30.81999969482422,30.989999771118164,30.989999771118164,3700
2018-03-12,31.3700008392334,31.3700008392334,31.290000915527344,31.36899948120117,31.36899948120117,1100
2018-03-13,31.149999618530277,31.31999969482422,31.149999618530277,31.31999969482422,31.31999969482422,1600
2018-03-14,31.6200008392334,31.6200008392334,31.6200008392334,31.6200008392334,31.6200008392334,1700
2018-03-15,31.88500022888184,31.88500022888184,31.600000381469727,31.75,31.75,2100
2018-03-16,31.80500030517578,31.84000015258789,31.700000762939453,31.700000762939453,31.700000762939453,600
2018-03-19,31.690000534057617,31.690000534057617,31.690000534057617,31.690000534057617,31.690000534057617,500
2018-03-20,31.40999984741211,31.40999984741211,31.40999984741211,31.40999984741211,31.40999984741211,600
2018-03-21,31.40999984741211,31.40999984741211,31.40999984741211,31.40999984741211,31.40999984741211,0
2018-03-22,32.380001068115234,32.619998931884766,32.380001068115234,32.58000183105469,32.58000183105469,4000
2018-03-23,32.95899963378906,33.040000915527344,32.95500183105469,33.040000915527344,33.040000915527344,1000
2018-03-26,32.88999938964844,33.040000915527344,32.88999938964844,33.040000915527344,33.040000915527344,600
2018-03-27,32.13999938964844,32.13999938964844,32.09000015258789,32.09000015258789,32.09000015258789,400
2018-03-28,30.530000686645508,30.530000686645508,30.520000457763672,30.530000686645508,30.530000686645508,900
2018-03-29,31.420000076293945,31.420000076293945,31.239999771118164,31.239999771118164,31.239999771118164,700
2018-04-02,31.290000915527344,31.690000534057617,31.290000915527344,31.690000534057617,31.690000534057617,1000
2018-04-03,31.18000030517578,31.190000534057617,30.90999984741211,30.90999984741211,30.90999984741211,1600
2018-04-04,31.09000015258789,31.11000061035156,30.799999237060547,30.799999237060547,30.799999237060547,1000
2018-04-05,30.799999237060547,30.799999237060547,30.799999237060547,30.799999237060547,30.799999237060547,0
2018-04-06,30.649999618530277,30.649999618530277,30.649999618530277,30.649999618530277,30.649999618530277,400
2018-04-09,30.440000534057617,30.84000015258789,30.440000534057617,30.84000015258789,30.84000015258789,300
2018-04-10,30.559999465942383,30.559999465942383,30.229999542236328,30.26000022888184,30.26000022888184,2500
2018-04-11,30.6299991607666,30.6299991607666,30.6299991607666,30.6299991607666,30.6299991607666,200
2018-04-12,30.049999237060547,30.200000762939453,30.049999237060547,30.200000762939453,30.200000762939453,2500
2018-04-13,30.06999969482422,30.06999969482422,30.049999237060547,30.049999237060547,30.049999237060547,600
2018-04-16,30.18000030517578,30.18000030517578,30.18000030517578,30.18000030517578,30.18000030517578,600
2018-04-17,30.32999992370605,30.420000076293945,30.32999992370605,30.420000076293945,30.420000076293945,1500
2018-04-18,30.200000762939453,30.200000762939453,30.200000762939453,30.200000762939453,30.200000762939453,300
2018-04-19,30.200000762939453,30.200000762939453,30.200000762939453,30.200000762939453,30.200000762939453,0
2018-04-20,29.59499931335449,29.59499931335449,29.59499931335449,29.59499931335449,29.59499931335449,400
2018-04-23,28.51000022888184,28.51000022888184,28.51000022888184,28.51000022888184,28.51000022888184,600
2018-04-24,28.51000022888184,28.51000022888184,28.51000022888184,28.51000022888184,28.51000022888184,700
2018-04-25,28.11000061035156,28.11000061035156,28.11000061035156,28.11000061035156,28.11000061035156,1200
2018-04-26,28.11000061035156,28.11000061035156,28.11000061035156,28.11000061035156,28.11000061035156,0
2018-04-27,28.13999938964844,28.13999938964844,28.13999938964844,28.13999938964844,28.13999938964844,3100
2018-04-30,27.774999618530277,27.774999618530277,27.774999618530277,27.774999618530277,27.774999618530277,900
2018-05-01,27.35300064086914,27.35300064086914,27.35300064086914,27.35300064086914,27.35300064086914,500
2018-05-02,27.35300064086914,27.35300064086914,27.35300064086914,27.35300064086914,27.35300064086914,0
2018-05-03,27.35300064086914,27.35300064086914,27.35300064086914,27.35300064086914,27.35300064086914,0
2018-05-04,28.030000686645508,28.030000686645508,28.030000686645508,28.030000686645508,28.030000686645508,400
2018-05-07,28.030000686645508,28.030000686645508,28.030000686645508,28.030000686645508,28.030000686645508,0
2018-05-08,27.940000534057617,27.940000534057617,27.940000534057617,27.940000534057617,27.940000534057617,500
2018-05-09,27.309999465942383,27.309999465942383,27.309999465942383,27.309999465942383,27.309999465942383,700
2018-05-10,27.6200008392334,27.6200008392334,27.608999252319336,27.608999252319336,27.608999252319336,200
2018-05-11,27.608999252319336,27.608999252319336,27.608999252319336,27.608999252319336,27.608999252319336,0
2018-05-14,27.400999069213867,27.479999542236328,27.38999938964844,27.38999938964844,27.38999938964844,1600
2018-05-15,26.739999771118164,26.739999771118164,26.61000061035156,26.61000061035156,26.61000061035156,1000
2018-05-16,26.61000061035156,26.61000061035156,26.61000061035156,26.61000061035156,26.61000061035156,0
2018-05-17,26.61000061035156,26.61000061035156,26.61000061035156,26.61000061035156,26.61000061035156,0
2018-05-18,26.61000061035156,26.61000061035156,26.61000061035156,26.61000061035156,26.61000061035156,0
2018-05-21,25.88999938964844,25.88999938964844,25.88999938964844,25.88999938964844,25.88999938964844,400
2018-05-22,26.1299991607666,26.1299991607666,26.1299991607666,26.1299991607666,26.1299991607666,1100
2018-05-23,26.1299991607666,26.1299991607666,26.1299991607666,26.1299991607666,26.1299991607666,100
2018-05-24,26.1299991607666,26.1299991607666,26.1299991607666,26.1299991607666,26.1299991607666,0
2018-05-25,27.559999465942383,27.559999465942383,27.43000030517578,27.43000030517578,27.43000030517578,8000
2018-05-29,28.040000915527344,28.31999969482422,28.040000915527344,28.31999969482422,28.31999969482422,600
2018-05-30,27.8700008392334,27.989999771118164,27.8700008392334,27.989999771118164,27.989999771118164,800
2018-05-31,28.149999618530277,28.149999618530277,28.149999618530277,28.149999618530277,28.149999618530277,800
2018-06-01,27.229999542236328,27.38999938964844,27.229999542236328,27.299999237060547,27.299999237060547,3600
2018-06-04,27.299999237060547,27.309999465942383,27.100000381469727,27.113000869750977,27.113000869750977,6100
2018-06-05,27.1200008392334,27.1200008392334,27.1200008392334,27.1200008392334,27.1200008392334,900
2018-06-06,26.8700008392334,26.93000030517578,26.670000076293945,26.670000076293945,26.670000076293945,1700
2018-06-07,27.13999938964844,27.13999938964844,27.13999938964844,27.13999938964844,27.13999938964844,100
2018-06-08,27.3799991607666,27.3799991607666,27.34000015258789,27.3799991607666,27.3799991607666,2100
2018-06-11,26.950000762939453,26.950000762939453,26.770000457763672,26.812000274658203,26.812000274658203,4800
2018-06-12,26.559999465942383,26.559999465942383,26.3799991607666,26.489999771118164,26.489999771118164,700
2018-06-13,26.489999771118164,26.489999771118164,26.489999771118164,26.489999771118164,26.489999771118164,0
2018-06-14,26.32999992370605,26.32999992370605,26.21999931335449,26.26000022888184,26.26000022888184,2300
2018-06-15,26.43000030517578,26.43000030517578,26.200000762939453,26.200000762939453,26.200000762939453,5500
2018-06-18,26.200000762939453,26.200000762939453,26.200000762939453,26.200000762939453,26.200000762939453,0
2018-06-19,26.989999771118164,27.020000457763672,26.979999542236328,27.020000457763672,27.020000457763672,6200
2018-06-20,27.020000457763672,27.020000457763672,27.020000457763672,27.020000457763672,27.020000457763672,0
2018-06-21,26.809999465942383,26.809999465942383,26.809999465942383,26.809999465942383,26.809999465942383,1200
2018-06-22,26.809999465942383,26.809999465942383,26.809999465942383,26.809999465942383,26.809999465942383,0
2018-06-25,27.15699958801269,27.15699958801269,26.8700008392334,26.90999984741211,26.90999984741211,600
2018-06-26,26.549999237060547,26.549999237060547,26.549999237060547,26.549999237060547,26.549999237060547,300
2018-06-27,26.450000762939453,26.450000762939453,26.450000762939453,26.450000762939453,26.450000762939453,400
2018-06-28,26.18000030517578,26.18000030517578,26.18000030517578,26.18000030517578,26.18000030517578,1000
2018-06-29,26.18000030517578,26.18000030517578,26.18000030517578,26.18000030517578,26.18000030517578,100
2018-07-02,25.8700008392334,25.8799991607666,25.809999465942383,25.809999465942383,25.809999465942383,2400
2018-07-03,25.809999465942383,25.809999465942383,25.809999465942383,25.809999465942383,25.809999465942383,0
2018-07-05,26.06999969482422,26.09000015258789,26.06999969482422,26.09000015258789,26.09000015258789,2100
2018-07-06,26.149999618530277,26.190000534057617,26.13999938964844,26.13999938964844,26.13999938964844,1300
2018-07-09,25.989999771118164,25.989999771118164,25.799999237060547,25.799999237060547,25.799999237060547,2300
2018-07-10,25.489999771118164,25.489999771118164,25.3700008392334,25.3700008392334,25.3700008392334,2100
2018-07-11,25.420000076293945,25.420000076293945,24.8700008392334,24.895000457763672,24.895000457763672,2300
2018-07-12,24.31599998474121,24.31999969482422,24.290000915527344,24.31999969482422,24.31999969482422,4100
2018-07-13,24.31999969482422,24.31999969482422,24.31999969482422,24.31999969482422,24.31999969482422,0
2018-07-16,24.31999969482422,24.31999969482422,24.31999969482422,24.31999969482422,24.31999969482422,0
2018-07-17,24.0,24.0,24.0,24.0,24.0,300
2018-07-18,24.0,24.0,24.0,24.0,24.0,0
2018-07-19,23.899999618530277,23.899999618530277,23.899999618530277,23.899999618530277,23.899999618530277,700
2018-07-20,24.850000381469727,24.850000381469727,24.850000381469727,24.850000381469727,24.850000381469727,200
2018-07-23,25.25,25.25,25.1299991607666,25.1299991607666,25.1299991607666,1400
2018-07-24,25.1299991607666,25.1299991607666,25.1299991607666,25.1299991607666,25.1299991607666,0
2018-07-25,25.1299991607666,25.1299991607666,25.1299991607666,25.1299991607666,25.1299991607666,0
2018-07-26,25.1299991607666,25.1299991607666,25.1299991607666,25.1299991607666,25.1299991607666,0
2018-07-27,25.46999931335449,25.46999931335449,25.46999931335449,25.46999931335449,25.46999931335449,100
2018-07-30,25.46199989318848,25.46199989318848,25.46199989318848,25.46199989318848,25.46199989318848,200
2018-07-31,25.46199989318848,25.46199989318848,25.46199989318848,25.46199989318848,25.46199989318848,0
2018-08-01,25.46199989318848,25.46199989318848,25.46199989318848,25.46199989318848,25.46199989318848,0
2018-08-02,25.049999237060547,25.049999237060547,25.049999237060547,25.049999237060547,25.049999237060547,400
2018-08-03,25.266000747680664,25.266000747680664,25.266000747680664,25.266000747680664,25.266000747680664,300
2018-08-06,25.266000747680664,25.266000747680664,25.266000747680664,25.266000747680664,25.266000747680664,0
2018-08-07,25.266000747680664,25.266000747680664,25.266000747680664,25.266000747680664,25.266000747680664,0
2018-08-08,25.266000747680664,25.266000747680664,25.266000747680664,25.266000747680664,25.266000747680664,0
2018-08-09,25.5,25.5,25.5,25.5,25.5,1200
2018-08-10,25.790000915527344,25.790000915527344,25.790000915527344,25.790000915527344,25.790000915527344,500
2018-08-13,25.790000915527344,25.790000915527344,25.790000915527344,25.790000915527344,25.790000915527344,0
2018-08-14,25.790000915527344,25.790000915527344,25.790000915527344,25.790000915527344,25.790000915527344,0
2018-08-15,25.86000061035156,25.86000061035156,25.86000061035156,25.86000061035156,25.86000061035156,100
2018-08-16,25.86000061035156,25.86000061035156,25.86000061035156,25.86000061035156,25.86000061035156,0
2018-08-17,25.86000061035156,25.86000061035156,25.86000061035156,25.86000061035156,25.86000061035156,0
2018-08-20,25.86000061035156,25.86000061035156,25.86000061035156,25.86000061035156,25.86000061035156,0
2018-08-21,25.86000061035156,25.86000061035156,25.86000061035156,25.86000061035156,25.86000061035156,0
2018-08-22,25.913000106811523,25.920000076293945,25.850000381469727,25.850000381469727,25.850000381469727,400
2018-08-23,25.16900062561035,25.16900062561035,25.16900062561035,25.16900062561035,25.16900062561035,400
2018-08-24,25.16900062561035,25.16900062561035,25.16900062561035,25.16900062561035,25.16900062561035,0
2018-08-27,25.25,25.25,25.25,25.25,25.25,200
2018-08-28,25.25,25.25,25.25,25.25,25.25,0
2018-08-29,25.25,25.25,25.25,25.25,25.25,0
2018-08-30,25.149999618530277,25.149999618530277,25.149999618530277,25.149999618530277,25.149999618530277,1100
2018-08-31,25.38999938964844,25.38999938964844,25.38999938964844,25.38999938964844,25.38999938964844,200
2018-09-04,25.38999938964844,25.38999938964844,25.38999938964844,25.38999938964844,25.38999938964844,0
2018-09-05,25.38999938964844,25.38999938964844,25.38999938964844,25.38999938964844,25.38999938964844,0
2018-09-06,25.38999938964844,25.38999938964844,25.38999938964844,25.38999938964844,25.38999938964844,0
2018-09-07,25.38999938964844,25.38999938964844,25.38999938964844,25.38999938964844,25.38999938964844,0
2018-09-10,25.06100082397461,25.06100082397461,25.06100082397461,25.06100082397461,25.06100082397461,300
2018-09-11,25.06100082397461,25.06100082397461,25.06100082397461,25.06100082397461,25.06100082397461,0
2018-09-12,24.920000076293945,24.920000076293945,24.920000076293945,24.920000076293945,24.920000076293945,300
2018-09-13,24.920000076293945,24.920000076293945,24.920000076293945,24.920000076293945,24.920000076293945,0
2018-09-14,24.299999237060547,24.299999237060547,24.200000762939453,24.239999771118164,24.239999771118164,1600
2018-09-17,24.239999771118164,24.239999771118164,24.239999771118164,24.239999771118164,24.239999771118164,0
2018-09-18,24.239999771118164,24.239999771118164,24.239999771118164,24.239999771118164,24.239999771118164,0
2018-09-19,24.239999771118164,24.239999771118164,24.239999771118164,24.239999771118164,24.239999771118164,0
2018-09-20,24.239999771118164,24.239999771118164,24.239999771118164,24.239999771118164,24.239999771118164,0
2018-09-21,24.239999771118164,24.239999771118164,24.239999771118164,24.239999771118164,24.239999771118164,0
2018-09-24,24.239999771118164,24.239999771118164,24.239999771118164,24.239999771118164,24.239999771118164,0
2018-09-25,24.239999771118164,24.239999771118164,24.239999771118164,24.239999771118164,24.239999771118164,0
2018-09-26,23.43000030517578,23.43000030517578,23.350000381469727,23.350000381469727,23.350000381469727,200
2018-09-27,23.350000381469727,23.350000381469727,23.350000381469727,23.350000381469727,23.350000381469727,0
2018-09-28,23.350000381469727,23.350000381469727,23.350000381469727,23.350000381469727,23.350000381469727,0
2018-10-01,22.51000022888184,22.51000022888184,22.51000022888184,22.51000022888184,22.51000022888184,1600
2018-10-02,22.690000534057617,22.690000534057617,22.690000534057617,22.690000534057617,22.690000534057617,1200
2018-10-03,22.475000381469727,22.475000381469727,22.323999404907227,22.323999404907227,22.323999404907227,1800
2018-10-04,22.6299991607666,22.6299991607666,22.6299991607666,22.6299991607666,22.6299991607666,200
2018-10-05,22.71999931335449,22.71999931335449,22.6200008392334,22.6200008392334,22.6200008392334,300
2018-10-08,23.299999237060547,23.399999618530277,23.299999237060547,23.399999618530277,23.399999618530277,300
2018-10-09,23.399999618530277,23.399999618530277,23.399999618530277,23.399999618530277,23.399999618530277,0
2018-10-10,23.38999938964844,23.645999908447266,23.38999938964844,23.645999908447266,23.645999908447266,2100
2018-10-11,23.729999542236328,24.0,23.729999542236328,24.0,24.0,3200
2018-10-12,24.0,24.0,24.0,24.0,24.0,0
2018-10-15,24.100000381469727,24.100000381469727,24.100000381469727,24.100000381469727,24.100000381469727,200
2018-10-16,23.989999771118164,23.989999771118164,23.799999237060547,23.799999237060547,23.799999237060547,400
2018-10-17,23.799999237060547,23.799999237060547,23.799999237060547,23.799999237060547,23.799999237060547,0
2018-10-18,23.799999237060547,23.799999237060547,23.799999237060547,23.799999237060547,23.799999237060547,0
2018-10-19,23.799999237060547,23.799999237060547,23.799999237060547,23.799999237060547,23.799999237060547,0
2018-10-22,23.799999237060547,23.799999237060547,23.799999237060547,23.799999237060547,23.799999237060547,0
2018-10-23,23.8700008392334,23.8700008392334,23.809999465942383,23.809999465942383,23.809999465942383,2200
2018-10-24,23.809999465942383,23.809999465942383,23.809999465942383,23.809999465942383,23.809999465942383,0
2018-10-25,23.809999465942383,23.809999465942383,23.809999465942383,23.809999465942383,23.809999465942383,0
2018-10-26,24.229999542236328,24.229999542236328,24.100000381469727,24.100000381469727,24.100000381469727,200
2018-10-29,23.739999771118164,23.739999771118164,23.739999771118164,23.739999771118164,23.739999771118164,300
2018-10-30,23.739999771118164,23.739999771118164,23.739999771118164,23.739999771118164,23.739999771118164,0
2018-10-31,23.739999771118164,23.739999771118164,23.739999771118164,23.739999771118164,23.739999771118164,100
2018-11-01,23.26000022888184,23.26000022888184,23.26000022888184,23.26000022888184,23.26000022888184,1000
2018-11-02,23.09000015258789,23.1299991607666,23.09000015258789,23.1299991607666,23.1299991607666,400
2018-11-05,23.1299991607666,23.1299991607666,23.1299991607666,23.1299991607666,23.1299991607666,0
2018-11-06,23.1299991607666,23.1299991607666,23.1299991607666,23.1299991607666,23.1299991607666,0
2018-11-07,22.790000915527344,22.790000915527344,22.75,22.75,22.75,200
2018-11-08,22.75,22.75,22.75,22.75,22.75,100
2018-11-09,22.75,22.75,22.75,22.75,22.75,0
2018-11-12,22.75,22.75,22.75,22.75,22.75,0
2018-11-13,22.75,22.75,22.75,22.75,22.75,100
2018-11-14,22.75,22.75,22.75,22.75,22.75,0
2018-11-15,22.75,22.75,22.75,22.75,22.75,100
2018-11-16,23.170000076293945,23.170000076293945,23.15999984741211,23.15999984741211,23.15999984741211,300
2018-11-19,23.3700008392334,23.3700008392334,23.3700008392334,23.3700008392334,23.3700008392334,700
2018-11-20,23.36000061035156,23.43000030517578,23.36000061035156,23.43000030517578,23.43000030517578,500
2018-11-21,22.8799991607666,22.899999618530277,22.8799991607666,22.899999618530277,22.899999618530277,500
2018-11-23,23.07999992370605,23.07999992370605,23.07999992370605,23.07999992370605,23.07999992370605,100
2018-11-26,22.493000030517575,22.493000030517575,22.493000030517575,22.493000030517575,22.493000030517575,200
2018-11-27,22.350000381469727,22.350000381469727,22.26000022888184,22.26000022888184,22.26000022888184,2800
2018-11-28,22.149999618530277,22.149999618530277,22.1200008392334,22.1200008392334,22.1200008392334,200
2018-11-29,22.59000015258789,22.59000015258789,22.59000015258789,22.59000015258789,22.59000015258789,200
2018-11-30,22.38999938964844,22.38999938964844,22.38999938964844,22.38999938964844,22.38999938964844,200
2018-12-03,22.399999618530277,22.399999618530277,22.309999465942383,22.309999465942383,22.309999465942383,400
2018-12-04,22.89299964904785,22.899999618530277,22.89299964904785,22.899999618530277,22.899999618530277,500
2018-12-06,23.420000076293945,23.420000076293945,23.420000076293945,23.420000076293945,23.420000076293945,100
2018-12-07,23.040000915527344,23.040000915527344,23.040000915527344,23.040000915527344,23.040000915527344,100
2018-12-10,22.88999938964844,22.88999938964844,22.61899948120117,22.61899948120117,22.61899948120117,400
2018-12-11,22.600000381469727,22.600000381469727,22.5,22.527000427246094,22.527000427246094,4300
2018-12-12,22.59000015258789,22.63999938964844,22.59000015258789,22.63999938964844,22.63999938964844,100
2018-12-13,22.309999465942383,22.31100082397461,22.309999465942383,22.31100082397461,22.31100082397461,100
2018-12-14,22.34000015258789,22.53199958801269,22.34000015258789,22.48699951171875,22.48699951171875,200
2018-12-17,22.99099922180176,22.99099922180176,22.99099922180176,22.99099922180176,22.99099922180176,100
2018-12-18,22.99099922180176,22.99099922180176,22.99099922180176,22.99099922180176,22.99099922180176,0
2018-12-19,23.40999984741211,23.40999984741211,23.09199905395508,23.09199905395508,23.09199905395508,400
2018-12-20,24.2450008392334,24.2450008392334,24.2450008392334,24.2450008392334,24.2450008392334,100
2018-12-21,24.34000015258789,24.420000076293945,24.141000747680664,24.141000747680664,24.141000747680664,200
2018-12-24,24.850000381469727,24.947999954223636,24.850000381469727,24.947999954223636,24.947999954223636,6500
2018-12-26,24.809999465942383,25.030000686645508,24.09600067138672,24.09600067138672,24.09600067138672,300
2018-12-27,24.36400032043457,24.36400032043457,24.36400032043457,24.36400032043457,24.36400032043457,100
2018-12-28,24.881999969482425,25.03700065612793,24.881999969482425,25.03700065612793,25.03700065612793,200
2018-12-31,25.440000534057617,25.53700065612793,25.440000534057617,25.53700065612793,25.53700065612793,500
2019-01-02,26.01799964904785,26.01799964904785,26.01799964904785,26.01799964904785,26.01799964904785,200
2019-01-03,27.739999771118164,27.790000915527344,27.200000762939453,27.527999877929688,27.527999877929688,2900
2019-01-04,26.601999282836918,26.601999282836918,26.601999282836918,26.601999282836918,26.601999282836918,100
2019-01-07,26.780000686645508,26.780000686645508,26.354999542236328,26.354999542236328,26.354999542236328,4200
2019-01-08,26.38999938964844,26.38999938964844,26.292999267578125,26.292999267578125,26.292999267578125,100
2019-01-09,26.61000061035156,27.011999130249023,26.61000061035156,27.011999130249023,27.011999130249023,100
2019-01-10,26.554000854492188,26.554000854492188,26.554000854492188,26.554000854492188,26.554000854492188,100
2019-01-11,26.475000381469727,26.475000381469727,26.475000381469727,26.475000381469727,26.475000381469727,100
2019-01-14,26.79400062561035,26.79400062561035,26.79400062561035,26.79400062561035,26.79400062561035,100
2019-01-15,26.34499931335449,26.34499931335449,26.34499931335449,26.34499931335449,26.34499931335449,100
2019-01-16,25.958999633789062,25.958999633789062,25.958999633789062,25.958999633789062,25.958999633789062,100
2019-01-17,25.940000534057617,25.989999771118164,25.729999542236328,25.75900077819824,25.75900077819824,700
2019-01-18,25.350000381469727,25.350000381469727,25.268999099731445,25.268999099731445,25.268999099731445,1100
2019-01-22,25.549999237060547,25.61000061035156,25.549999237060547,25.61000061035156,25.61000061035156,500
2019-01-23,25.32999992370605,25.382999420166016,25.32999992370605,25.382999420166016,25.382999420166016,200
2019-01-24,25.367000579833984,25.367000579833984,25.367000579833984,25.367000579833984,25.367000579833984,100
2019-01-25,25.1299991607666,25.42799949645996,25.1299991607666,25.42799949645996,25.42799949645996,100
2019-01-28,25.670000076293945,25.670000076293945,25.56100082397461,25.56100082397461,25.56100082397461,1700
2019-01-29,25.518999099731445,25.649999618530277,25.518999099731445,25.59199905395508,25.59199905395508,1600
2019-01-30,25.93600082397461,25.93600082397461,25.93600082397461,25.93600082397461,25.93600082397461,100
2019-01-31,25.941999435424805,25.941999435424805,25.941999435424805,25.941999435424805,25.941999435424805,100
2019-02-01,25.374000549316406,25.374000549316406,25.374000549316406,25.374000549316406,25.374000549316406,0
2019-02-04,24.899999618530277,24.98500061035156,24.899999618530277,24.98500061035156,24.98500061035156,200
2019-02-05,24.94599914550781,24.94599914550781,24.94599914550781,24.94599914550781,24.94599914550781,100
2019-02-06,24.937000274658203,24.937000274658203,24.937000274658203,24.937000274658203,24.937000274658203,0
2019-02-07,24.996999740600582,24.996999740600582,24.996999740600582,24.996999740600582,24.996999740600582,0
2019-02-08,25.042999267578125,25.042999267578125,25.042999267578125,25.042999267578125,25.042999267578125,100
2019-02-11,24.51000022888184,24.559999465942383,24.50200080871582,24.51499938964844,24.51499938964844,2600
2019-02-12,24.40999984741211,24.450000762939453,24.40999984741211,24.42200088500977,24.42200088500977,2200
2019-02-13,24.399999618530277,24.399999618530277,23.947999954223636,23.947999954223636,23.947999954223636,2500
2019-02-14,24.190000534057617,24.325000762939453,24.190000534057617,24.325000762939453,24.325000762939453,100
2019-02-15,24.3799991607666,24.437000274658203,24.319000244140625,24.437000274658203,24.437000274658203,900
2019-02-19,24.31999969482422,24.31999969482422,24.261999130249023,24.261999130249023,24.261999130249023,100
2019-02-20,24.11000061035156,24.11000061035156,24.059999465942383,24.059999465942383,24.059999465942383,1100
2019-02-21,24.18000030517578,24.190000534057617,24.17200088500977,24.17200088500977,24.17200088500977,400
2019-02-22,24.190000534057617,24.25,24.167999267578125,24.167999267578125,24.167999267578125,700
2019-02-25,24.049999237060547,24.049999237060547,23.76000022888184,23.850000381469727,23.850000381469727,700
2019-02-26,24.34000015258789,24.34000015258789,24.25,24.25,24.25,200
2019-02-27,24.030000686645508,24.030000686645508,23.87299919128418,23.87299919128418,23.87299919128418,200
2019-02-28,23.59000015258789,23.59000015258789,23.44499969482422,23.44499969482422,23.44499969482422,500
2019-03-01,23.209999084472656,23.209999084472656,23.006999969482425,23.006999969482425,23.006999969482425,400
2019-03-04,23.274999618530277,23.274999618530277,23.274999618530277,23.274999618530277,23.274999618530277,0
2019-03-05,23.040000915527344,23.13500022888184,23.040000915527344,23.13500022888184,23.13500022888184,100
2019-03-06,23.270000457763672,23.270000457763672,23.173999786376957,23.173999786376957,23.173999786376957,300
2019-03-07,23.31999969482422,23.350000381469727,23.27199935913086,23.27199935913086,23.27199935913086,2100
2019-03-08,23.729999542236328,23.75,23.67799949645996,23.67799949645996,23.67799949645996,500
2019-03-11,23.649999618530277,23.649999618530277,23.57099914550781,23.57099914550781,23.57099914550781,400
2019-03-12,23.600000381469727,23.600000381469727,23.52400016784668,23.52400016784668,23.52400016784668,100
2019-03-13,23.649999618530277,23.75,23.649999618530277,23.66399955749512,23.66399955749512,300
2019-03-14,23.170000076293945,23.25,23.062000274658203,23.163000106811523,23.163000106811523,1400
2019-03-15,23.163000106811523,23.163000106811523,23.163000106811523,23.163000106811523,23.163000106811523,0
2019-03-18,23.291000366210938,23.43000030517578,23.291000366210938,23.392000198364254,23.392000198364254,1000
2019-03-19,23.36000061035156,23.43000030517578,23.354999542236328,23.38400077819824,23.38400077819824,700
2019-03-20,23.34000015258789,24.0310001373291,23.34000015258789,24.0310001373291,24.0310001373291,1300
2019-03-21,23.850000381469727,23.850000381469727,23.81800079345703,23.81800079345703,23.81800079345703,2100
2019-03-22,24.61000061035156,24.65999984741211,24.59000015258789,24.59000015258789,24.59000015258789,300
2019-03-25,24.582000732421875,24.739999771118164,24.562000274658203,24.562000274658203,24.562000274658203,400
2019-03-26,24.562000274658203,24.562000274658203,24.562000274658203,24.562000274658203,24.562000274658203,0
2019-03-27,24.209999084472656,24.209999084472656,24.06800079345703,24.06800079345703,24.06800079345703,200
2019-03-28,23.88999938964844,23.96999931335449,23.88999938964844,23.96999931335449,23.96999931335449,500
2019-03-29,23.96999931335449,23.96999931335449,23.96999931335449,23.96999931335449,23.96999931335449,0
2019-04-01,23.29800033569336,23.29800033569336,23.29800033569336,23.29800033569336,23.29800033569336,0
2019-04-02,23.26499938964844,23.26499938964844,23.26499938964844,23.26499938964844,23.26499938964844,0
2019-04-03,23.229999542236328,23.229999542236328,23.17300033569336,23.17300033569336,23.17300033569336,100
2019-04-04,23.06599998474121,23.06599998474121,23.06599998474121,23.06599998474121,23.06599998474121,0
2019-04-05,22.961000442504883,22.983999252319336,22.961000442504883,22.983999252319336,22.983999252319336,100
2019-04-08,23.125999450683597,23.125999450683597,23.125999450683597,23.125999450683597,23.125999450683597,0
2019-04-09,23.44099998474121,23.44099998474121,23.42300033569336,23.42300033569336,23.42300033569336,1700
2019-04-10,23.57999992370605,23.57999992370605,23.554000854492188,23.554000854492188,23.554000854492188,100
2019-04-11,23.170000076293945,23.170000076293945,22.974000930786133,22.974000930786133,22.974000930786133,300
2019-04-12,22.440000534057617,22.770000457763672,22.440000534057617,22.65699958801269,22.65699958801269,6300
2019-04-15,22.666000366210938,22.666000366210938,22.666000366210938,22.666000366210938,22.666000366210938,100
2019-04-16,22.666000366210938,22.666000366210938,22.666000366210938,22.666000366210938,22.666000366210938,0
2019-04-17,22.572999954223636,22.572999954223636,22.572999954223636,22.572999954223636,22.572999954223636,0
2019-04-18,22.572999954223636,22.572999954223636,22.572999954223636,22.572999954223636,22.572999954223636,0
2019-04-22,22.676000595092773,22.676000595092773,22.676000595092773,22.676000595092773,22.676000595092773,100
2019-04-23,22.65999984741211,22.75200080871582,22.65999984741211,22.75200080871582,22.75200080871582,100
2019-04-24,22.45199966430664,22.45199966430664,22.45199966430664,22.45199966430664,22.45199966430664,100
2019-04-25,22.45199966430664,22.45199966430664,22.45199966430664,22.45199966430664,22.45199966430664,0
2019-04-26,22.833999633789062,22.833999633789062,22.833999633789062,22.833999633789062,22.833999633789062,100
2019-04-29,22.649999618530277,22.777000427246094,22.63999938964844,22.777000427246094,22.777000427246094,4300
2019-04-30,22.989999771118164,23.006000518798828,22.989999771118164,23.006000518798828,23.006000518798828,100
2019-05-01,23.15999984741211,23.15999984741211,22.961000442504883,22.961000442504883,22.961000442504883,100
2019-05-02,22.8799991607666,22.89299964904785,22.8799991607666,22.89299964904785,22.89299964904785,100
2019-05-03,23.13999938964844,23.246999740600582,23.1200008392334,23.246999740600582,23.246999740600582,1100
2019-05-06,23.429000854492188,23.429000854492188,23.429000854492188,23.429000854492188,23.429000854492188,100
2019-05-07,23.850000381469727,23.95199966430664,23.850000381469727,23.95199966430664,23.95199966430664,4700
2019-05-08,24.07999992370605,24.118000030517575,24.07999992370605,24.118000030517575,24.118000030517575,100
2019-05-09,24.56999969482422,24.56999969482422,24.392000198364254,24.392000198364254,24.392000198364254,100
2019-05-10,24.56999969482422,24.56999969482422,24.224000930786133,24.224000930786133,24.224000930786133,4100
2019-05-13,24.979999542236328,24.979999542236328,24.73500061035156,24.73500061035156,24.73500061035156,400
2019-05-14,24.527000427246094,24.527000427246094,24.38999938964844,24.451000213623047,24.451000213623047,800
2019-05-15,24.700000762939453,24.700000762939453,24.507999420166016,24.507999420166016,24.507999420166016,900
2019-05-16,24.26099967956543,24.26099967956543,24.246000289916992,24.246000289916992,24.246000289916992,100
2019-05-17,24.200000762939453,24.200000762939453,24.076000213623047,24.076000213623047,24.076000213623047,200
2019-05-20,24.05299949645996,24.05299949645996,24.05299949645996,24.05299949645996,24.05299949645996,100
2019-05-21,23.582000732421875,23.5939998626709,23.582000732421875,23.5939998626709,23.5939998626709,200
2019-05-22,23.77199935913086,23.77199935913086,23.77199935913086,23.77199935913086,23.77199935913086,100
2019-05-23,24.18199920654297,24.386999130249023,24.18199920654297,24.386999130249023,24.386999130249023,500
2019-05-24,24.46999931335449,24.641000747680664,24.46999931335449,24.641000747680664,24.641000747680664,100
2019-05-28,24.5,24.589000701904297,24.5,24.589000701904297,24.589000701904297,500
2019-05-29,24.30699920654297,24.30699920654297,24.30699920654297,24.30699920654297,24.30699920654297,100
2019-05-30,24.36400032043457,24.36400032043457,24.36400032043457,24.36400032043457,24.36400032043457,100
2019-05-31,25.030000686645508,25.440000534057617,25.030000686645508,25.440000534057617,25.440000534057617,5100
2019-06-03,25.798999786376957,25.798999786376957,25.798999786376957,25.798999786376957,25.798999786376957,100
2019-06-04,25.69700050354004,25.799999237060547,25.69700050354004,25.733999252319336,25.733999252319336,5000
2019-06-05,25.39299964904785,25.39299964904785,25.39299964904785,25.39299964904785,25.39299964904785,100
2019-06-06,25.29599952697754,25.29599952697754,25.29599952697754,25.29599952697754,25.29599952697754,100
2019-06-07,25.584999084472656,25.584999084472656,25.584999084472656,25.584999084472656,25.584999084472656,100
2019-06-10,25.325000762939453,25.325000762939453,25.325000762939453,25.325000762939453,25.325000762939453,100
2019-06-11,25.325000762939453,25.325000762939453,25.325000762939453,25.325000762939453,25.325000762939453,0
2019-06-12,25.290000915527344,25.290000915527344,25.2450008392334,25.2450008392334,25.2450008392334,300
2019-06-13,25.2450008392334,25.2450008392334,25.2450008392334,25.2450008392334,25.2450008392334,0
2019-06-14,25.208999633789062,25.208999633789062,25.18099975585937,25.18099975585937,25.18099975585937,200
2019-06-17,25.152999877929688,25.152999877929688,25.152999877929688,25.152999877929688,25.152999877929688,100
2019-06-18,25.152999877929688,25.152999877929688,25.152999877929688,25.152999877929688,25.152999877929688,0
2019-06-19,25.152999877929688,25.152999877929688,25.152999877929688,25.152999877929688,25.152999877929688,0
2019-06-20,26.292999267578125,26.292999267578125,26.292999267578125,26.292999267578125,26.292999267578125,100
2019-06-21,26.226999282836918,26.270000457763672,26.226999282836918,26.270000457763672,26.270000457763672,700
2019-06-24,26.270000457763672,26.270000457763672,26.270000457763672,26.270000457763672,26.270000457763672,0
2019-06-25,26.270000457763672,26.270000457763672,26.270000457763672,26.270000457763672,26.270000457763672,0
2019-06-26,25.790000915527344,25.790000915527344,25.790000915527344,25.790000915527344,25.790000915527344,100
2019-06-27,25.777000427246094,25.777000427246094,25.777000427246094,25.777000427246094,25.777000427246094,200
2019-06-28,25.729999542236328,25.729999542236328,25.708999633789062,25.708999633789062,25.708999633789062,200
2019-07-01,25.114999771118164,25.114999771118164,25.114999771118164,25.114999771118164,25.114999771118164,100
2019-07-02,25.5939998626709,25.5939998626709,25.5939998626709,25.5939998626709,25.5939998626709,100
2019-07-03,25.660999298095703,25.660999298095703,25.660999298095703,25.660999298095703,25.660999298095703,100
2019-07-05,25.660999298095703,25.660999298095703,25.660999298095703,25.660999298095703,25.660999298095703,0
2019-07-08,24.738000869750977,24.738000869750977,24.738000869750977,24.738000869750977,24.738000869750977,800
2019-07-09,24.64299964904785,24.64299964904785,24.64299964904785,24.64299964904785,24.64299964904785,0
2019-07-10,25.040000915527344,25.040000915527344,25.040000915527344,25.040000915527344,25.040000915527344,100
2019-07-11,25.15699958801269,25.15699958801269,25.0,25.0,25.0,100
2019-07-12,25.280000686645508,25.549999237060547,25.280000686645508,25.549999237060547,25.549999237060547,200
2019-07-15,25.540000915527344,25.540000915527344,25.48900032043457,25.48900032043457,25.48900032043457,100
2019-07-16,25.48900032043457,25.48900032043457,25.48900032043457,25.48900032043457,25.48900032043457,0
2019-07-17,25.299999237060547,25.33300018310547,25.299999237060547,25.33300018310547,25.33300018310547,200
2019-07-18,25.33300018310547,25.33300018310547,25.33300018310547,25.33300018310547,25.33300018310547,0
2019-07-19,25.33300018310547,25.33300018310547,25.33300018310547,25.33300018310547,25.33300018310547,0
2019-07-22,25.33300018310547,25.33300018310547,25.33300018310547,25.33300018310547,25.33300018310547,0
2019-07-23,25.38999938964844,25.38999938964844,25.106000900268555,25.106000900268555,25.106000900268555,900
2019-07-24,25.13800048828125,25.13800048828125,25.13800048828125,25.13800048828125,25.13800048828125,100
2019-07-25,24.8799991607666,24.8799991607666,24.65399932861328,24.65399932861328,24.65399932861328,100
2019-07-26,24.65699958801269,24.65699958801269,24.65699958801269,24.65699958801269,24.65699958801269,100
2019-07-29,24.65699958801269,24.65699958801269,24.65699958801269,24.65699958801269,24.65699958801269,0
2019-07-30,24.742000579833984,24.742000579833984,24.742000579833984,24.742000579833984,24.742000579833984,0
2019-07-31,24.606000900268555,24.606000900268555,24.549999237060547,24.549999237060547,24.549999237060547,1000
2019-08-01,25.440000534057617,25.88599967956543,25.43000030517578,25.88599967956543,25.88599967956543,400
2019-08-02,26.479999542236328,26.6200008392334,26.46999931335449,26.565000534057617,26.565000534057617,700
2019-08-05,27.200000762939453,27.200000762939453,26.988000869750977,26.988000869750977,26.988000869750977,900
2019-08-06,26.559999465942383,26.61899948120117,26.559999465942383,26.61899948120117,26.61899948120117,100
2019-08-07,27.46999931335449,27.520000457763672,26.90800094604492,26.90800094604492,26.90800094604492,1100
2019-08-08,27.106000900268555,27.106000900268555,27.106000900268555,27.106000900268555,27.106000900268555,200
2019-08-09,27.420000076293945,27.503999710083008,27.420000076293945,27.503999710083008,27.503999710083008,500
2019-08-12,27.76000022888184,27.76000022888184,27.76000022888184,27.76000022888184,27.76000022888184,100
2019-08-13,27.700000762939453,27.700000762939453,26.1299991607666,26.374000549316406,26.374000549316406,2700
2019-08-14,26.8700008392334,27.100000381469727,26.8700008392334,27.08799934387207,27.08799934387207,1200
2019-08-15,26.82999992370605,27.00200080871582,26.82999992370605,27.00200080871582,27.00200080871582,900
2019-08-16,27.00200080871582,27.00200080871582,27.00200080871582,27.00200080871582,27.00200080871582,0
2019-08-19,26.38599967956543,26.38599967956543,26.38599967956543,26.38599967956543,26.38599967956543,100
2019-08-20,26.808000564575195,26.808000564575195,26.808000564575195,26.808000564575195,26.808000564575195,100
2019-08-21,26.489999771118164,26.489999771118164,26.399999618530277,26.399999618530277,26.399999618530277,100
2019-08-22,26.597000122070312,26.597000122070312,26.597000122070312,26.597000122070312,26.597000122070312,0
2019-08-23,27.41900062561035,27.68099975585937,27.41900062561035,27.68099975585937,27.68099975585937,1300
2019-08-26,26.93400001525879,26.96500015258789,26.799999237060547,26.854999542236328,26.854999542236328,600
2019-08-27,27.26499938964844,27.26499938964844,27.26499938964844,27.26499938964844,27.26499938964844,300
2019-08-28,27.100000381469727,27.11000061035156,26.78499984741211,26.78499984741211,26.78499984741211,700
2019-08-29,26.549999237060547,26.715999603271484,26.399999618530277,26.43899917602539,26.43899917602539,1600
2019-08-30,26.76000022888184,26.780000686645508,26.66699981689453,26.68000030517578,26.68000030517578,400
2019-09-03,26.88599967956543,26.88599967956543,26.88599967956543,26.88599967956543,26.88599967956543,100
2019-09-04,26.549999237060547,26.56999969482422,26.549999237060547,26.56999969482422,26.56999969482422,200
2019-09-05,25.847999572753903,25.95199966430664,25.847999572753903,25.892000198364254,25.892000198364254,2100
2019-09-06,26.25,26.25,25.982999801635746,25.982999801635746,25.982999801635746,200
2019-09-09,25.899999618530277,25.899999618530277,25.709999084472656,25.709999084472656,25.709999084472656,200
2019-09-10,25.520000457763672,25.520000457763672,25.39800071716309,25.39800071716309,25.39800071716309,200
2019-09-11,25.059999465942383,25.21999931335449,25.059999465942383,25.097999572753903,25.097999572753903,1800
2019-09-12,25.218000411987305,25.218000411987305,24.700000762939453,24.76799964904785,24.76799964904785,1400
2019-09-13,24.8700008392334,24.8700008392334,24.8700008392334,24.8700008392334,24.8700008392334,100
2019-09-16,24.920000076293945,24.920000076293945,24.600000381469727,24.832000732421875,24.832000732421875,1500
2019-09-17,24.600000381469727,24.722000122070312,24.600000381469727,24.722000122070312,24.722000122070312,100
2019-09-18,24.722000122070312,24.729999542236328,24.483999252319336,24.483999252319336,24.483999252319336,3100
2019-09-19,24.88999938964844,24.899999618530277,24.756000518798828,24.756000518798828,24.756000518798828,1400
2019-09-20,24.875,25.233999252319336,24.875,25.233999252319336,25.233999252319336,500
2019-09-23,25.31999969482422,25.371000289916992,25.31999969482422,25.371000289916992,25.371000289916992,1000
2019-09-24,25.371000289916992,25.371000289916992,25.371000289916992,25.371000289916992,25.371000289916992,0
2019-09-25,25.020000457763672,25.020000457763672,24.65399932861328,24.99799919128418,24.99799919128418,4100
2019-09-26,24.89699935913086,24.89699935913086,24.89699935913086,24.89699935913086,24.89699935913086,100
2019-09-27,24.81100082397461,24.81100082397461,24.81100082397461,24.81100082397461,24.81100082397461,0
2019-09-30,24.6299991607666,24.670000076293945,24.6299991607666,24.670000076293945,24.670000076293945,200
2019-10-01,24.979999542236328,25.030000686645508,24.979999542236328,25.030000686645508,25.030000686645508,200
2019-10-02,25.26000022888184,25.492000579833984,25.26000022888184,25.492000579833984,25.492000579833984,1600
2019-10-03,25.57999992370605,25.84000015258789,25.57999992370605,25.775999069213867,25.775999069213867,1900
2019-10-04,25.81999969482422,25.81999969482422,25.791000366210938,25.791000366210938,25.791000366210938,1600
2019-10-07,25.60300064086914,25.60300064086914,25.36599922180176,25.36599922180176,25.36599922180176,800
2019-10-08,25.549999237060547,25.65999984741211,25.5,25.53499984741211,25.53499984741211,500
2019-10-09,25.239999771118164,25.239999771118164,25.15999984741211,25.170000076293945,25.170000076293945,500
2019-10-10,24.770000457763672,24.770000457763672,24.7189998626709,24.7189998626709,24.7189998626709,200
2019-10-11,24.100000381469727,24.319000244140625,24.100000381469727,24.319000244140625,24.319000244140625,200
2019-10-14,24.319000244140625,24.319000244140625,24.319000244140625,24.319000244140625,24.319000244140625,0
2019-10-15,24.09000015258789,24.09000015258789,23.867000579833984,23.867000579833984,23.867000579833984,100
2019-10-16,23.940000534057617,23.96999931335449,23.940000534057617,23.95400047302246,23.95400047302246,1300
2019-10-17,24.030000686645508,24.05299949645996,24.030000686645508,24.05299949645996,24.05299949645996,100
2019-10-18,24.05299949645996,24.05299949645996,24.05299949645996,24.05299949645996,24.05299949645996,0
2019-10-21,24.0,24.006000518798828,23.270000457763672,24.006000518798828,24.006000518798828,1100
2019-10-22,24.006000518798828,24.006000518798828,24.006000518798828,24.006000518798828,24.006000518798828,0
2019-10-23,24.01000022888184,24.01000022888184,23.95499992370605,23.95499992370605,23.95499992370605,3200
2019-10-24,24.0,24.01000022888184,23.964000701904297,23.964000701904297,23.964000701904297,600
2019-10-25,23.95800018310547,23.95800018310547,23.95800018310547,23.95800018310547,23.95800018310547,0
2019-10-28,23.75,23.75,23.690000534057617,23.73500061035156,23.73500061035156,4500
2019-10-29,23.71999931335449,23.81399917602539,23.71999931335449,23.81399917602539,23.81399917602539,1400
2019-10-30,23.770000457763672,23.80900001525879,23.76799964904785,23.80900001525879,23.80900001525879,300
2019-10-31,24.190000534057617,24.52300071716309,24.190000534057617,24.52300071716309,24.52300071716309,700
2019-11-01,24.520000457763672,24.520000457763672,24.350000381469727,24.350000381469727,24.350000381469727,600
2019-11-04,24.350000381469727,24.350000381469727,24.350000381469727,24.350000381469727,24.350000381469727,0
2019-11-05,23.520000457763672,23.520000457763672,23.43000030517578,23.45400047302246,23.45400047302246,1000
2019-11-06,23.732999801635746,23.732999801635746,23.66699981689453,23.66699981689453,23.66699981689453,1100
2019-11-07,23.209999084472656,23.368000030517575,23.209999084472656,23.368000030517575,23.368000030517575,700
2019-11-08,23.43000030517578,23.43000030517578,23.405000686645508,23.405000686645508,23.405000686645508,500
2019-11-11,23.405000686645508,23.405000686645508,23.405000686645508,23.405000686645508,23.405000686645508,0
2019-11-12,23.405000686645508,23.405000686645508,23.405000686645508,23.405000686645508,23.405000686645508,0
2019-11-13,23.790000915527344,23.790000915527344,23.77400016784668,23.77400016784668,23.77400016784668,600
2019-11-14,23.77400016784668,23.77400016784668,23.77400016784668,23.77400016784668,23.77400016784668,0
2019-11-15,23.77400016784668,23.77400016784668,23.77400016784668,23.77400016784668,23.77400016784668,0
2019-11-18,23.77400016784668,23.77400016784668,23.77400016784668,23.77400016784668,23.77400016784668,0
2019-11-19,23.77400016784668,23.77400016784668,23.77400016784668,23.77400016784668,23.77400016784668,0
2019-11-20,23.77400016784668,23.77400016784668,23.77400016784668,23.77400016784668,23.77400016784668,0
2019-11-21,23.929000854492188,23.929000854492188,23.85700035095215,23.85700035095215,23.85700035095215,100
2019-11-22,23.87299919128418,23.87299919128418,23.82999992370605,23.82999992370605,23.82999992370605,100
2019-11-25,23.562000274658203,23.566999435424805,23.562000274658203,23.566999435424805,23.566999435424805,100
2019-11-26,23.489999771118164,23.489999771118164,23.42300033569336,23.474000930786133,23.474000930786133,1000
2019-11-27,23.040000915527344,23.049999237060547,23.040000915527344,23.049999237060547,23.049999237060547,9000
2019-11-29,23.07999992370605,23.136999130249023,23.07999992370605,23.136999130249023,23.136999130249023,1500
2019-12-02,23.36000061035156,23.5310001373291,23.36000061035156,23.5310001373291,23.5310001373291,100
2019-12-03,23.81100082397461,23.81100082397461,23.81100082397461,23.81100082397461,23.81100082397461,100
2019-12-04,23.81100082397461,23.81100082397461,23.81100082397461,23.81100082397461,23.81100082397461,0
2019-12-05,24.049999237060547,24.049999237060547,23.518999099731445,23.68400001525879,23.68400001525879,1300
2019-12-06,23.82999992370605,23.82999992370605,23.82999992370605,23.82999992370605,23.82999992370605,100
2019-12-09,23.799999237060547,23.799999237060547,23.799999237060547,23.799999237060547,23.799999237060547,1300
2019-12-10,23.66399955749512,23.66399955749512,23.66399955749512,23.66399955749512,23.66399955749512,100
2019-12-11,23.66399955749512,23.66399955749512,23.66399955749512,23.66399955749512,23.66399955749512,0
2019-12-12,23.299999237060547,23.30299949645996,23.15399932861328,23.15399932861328,23.15399932861328,1400
2019-12-13,23.190000534057617,23.190000534057617,22.959999084472656,23.117000579833984,23.117000579833984,2300
2019-12-16,22.90999984741211,22.90999984741211,22.90999984741211,22.90999984741211,22.90999984741211,100
2019-12-17,22.94599914550781,23.011999130249023,22.94599914550781,22.96299934387207,22.96299934387207,300
2019-12-18,22.899999618530277,22.916000366210938,22.899999618530277,22.916000366210938,22.916000366210938,700
2019-12-19,23.059999465942383,23.18000030517578,23.059999465942383,23.14299964904785,23.14299964904785,1000
2019-12-20,23.06999969482422,23.06999969482422,22.98200035095215,22.98200035095215,22.98200035095215,200
2019-12-23,23.049999237060547,23.059999465942383,23.049999237060547,23.059999465942383,23.059999465942383,200
2019-12-24,23.07999992370605,23.07999992370605,23.030000686645508,23.030000686645508,23.030000686645508,400
2019-12-26,22.81999969482422,22.81999969482422,22.816999435424805,22.816999435424805,22.816999435424805,700
2019-12-27,22.99099922180176,22.99099922180176,22.99099922180176,22.99099922180176,22.99099922180176,200
2019-12-30,23.229999542236328,23.395999908447266,23.229999542236328,23.395999908447266,23.395999908447266,200
2019-12-31,23.6299991607666,23.6299991607666,23.520000457763672,23.524999618530277,23.524999618530277,400
2020-01-02,23.601999282836918,23.628999710083008,23.601999282836918,23.628999710083008,23.628999710083008,200
2020-01-03,24.059999465942383,24.06999969482422,24.006000518798828,24.006000518798828,24.006000518798828,1000
2020-01-06,23.979999542236328,24.0,23.709999084472656,23.709999084472656,23.709999084472656,3200
2020-01-07,23.65999984741211,23.65999984741211,23.59000015258789,23.618000030517575,23.618000030517575,2200
2020-01-08,23.464000701904297,23.464000701904297,23.173999786376957,23.173999786376957,23.173999786376957,300
2020-01-09,22.809999465942383,22.809999465942383,22.753999710083008,22.753999710083008,22.753999710083008,400
2020-01-10,22.785999298095703,22.785999298095703,22.742000579833984,22.742000579833984,22.742000579833984,100
2020-01-13,22.420000076293945,22.420000076293945,22.386999130249023,22.402999877929688,22.402999877929688,400
2020-01-14,22.3700008392334,22.371999740600582,22.36899948120117,22.371999740600582,22.371999740600582,1600
2020-01-15,22.43400001525879,22.43400001525879,22.43400001525879,22.43400001525879,22.43400001525879,100
2020-01-16,22.201000213623047,22.201000213623047,22.201000213623047,22.201000213623047,22.201000213623047,100
2020-01-17,22.201000213623047,22.201000213623047,22.201000213623047,22.201000213623047,22.201000213623047,0
2020-01-21,22.46500015258789,22.46500015258789,22.46500015258789,22.46500015258789,22.46500015258789,100
2020-01-22,22.40999984741211,22.41200065612793,22.40999984741211,22.41200065612793,22.41200065612793,300
2020-01-23,22.84000015258789,22.850000381469727,22.68400001525879,22.700000762939453,22.700000762939453,900
2020-01-24,22.82999992370605,22.950000762939453,22.82999992370605,22.858999252319336,22.858999252319336,10000
2020-01-27,23.121000289916992,23.19599914550781,23.121000289916992,23.19599914550781,23.19599914550781,200
2020-01-28,22.993000030517575,22.993000030517575,22.993000030517575,22.993000030517575,22.993000030517575,100
2020-01-29,22.989999771118164,23.027000427246094,22.989999771118164,23.027000427246094,23.027000427246094,400
2020-01-30,23.440000534057617,23.440000534057617,23.17799949645996,23.17799949645996,23.17799949645996,1100
2020-01-31,23.600000381469727,23.617000579833984,23.600000381469727,23.617000579833984,23.617000579833984,1600
2020-02-03,23.33699989318848,23.33699989318848,23.33699989318848,23.33699989318848,23.33699989318848,100
2020-02-04,22.149999618530277,22.899999618530277,22.149999618530277,22.65999984741211,22.65999984741211,1400
2020-02-05,22.36000061035156,22.367000579833984,22.36000061035156,22.367000579833984,22.367000579833984,900
2020-02-06,22.270000457763672,22.270000457763672,22.214000701904297,22.22800064086914,22.22800064086914,500
2020-02-07,22.229999542236328,22.38500022888184,22.229999542236328,22.38500022888184,22.38500022888184,1000
2020-02-10,22.489999771118164,22.71999931335449,22.399999618530277,22.40999984741211,22.40999984741211,2100
2020-02-11,22.350000381469727,22.351999282836918,22.32999992370605,22.351999282836918,22.351999282836918,2200
2020-02-12,22.15900039672852,22.16900062561035,22.11000061035156,22.11000061035156,22.11000061035156,700
2020-02-13,22.33799934387207,22.38999938964844,22.33799934387207,22.34000015258789,22.34000015258789,600
2020-02-14,22.33799934387207,22.33799934387207,22.33799934387207,22.33799934387207,22.33799934387207,100
2020-02-18,22.290000915527344,22.290000915527344,22.274999618530277,22.274999618530277,22.274999618530277,200
2020-02-19,21.600000381469727,21.600000381469727,21.003999710083008,21.17099952697754,21.17099952697754,14800
2020-02-20,20.479999542236328,20.780000686645508,20.4689998626709,20.51099967956543,20.51099967956543,10500
2020-02-21,20.799999237060547,20.86599922180176,20.76300048828125,20.86599922180176,20.86599922180176,900
2020-02-24,21.3700008392334,21.8129997253418,21.3700008392334,21.53700065612793,21.53700065612793,7000
2020-02-25,21.82999992370605,22.100000381469727,21.81999969482422,21.98900032043457,21.98900032043457,2900
2020-02-26,21.709999084472656,21.733999252319336,21.632999420166016,21.733999252319336,21.733999252319336,1300
2020-02-27,22.09000015258789,22.290000915527344,22.049999237060547,22.183000564575195,22.183000564575195,2800
2020-02-28,23.670000076293945,23.965999603271484,23.450000762939453,23.965999603271484,23.965999603271484,3700
2020-03-02,24.040000915527344,24.040000915527344,23.349000930786133,23.349000930786133,23.349000930786133,1900
2020-03-03,23.94599914550781,24.5,23.94599914550781,24.399999618530277,24.399999618530277,2000
2020-03-04,24.979999542236328,24.979999542236328,24.150999069213867,24.150999069213867,24.150999069213867,1800
2020-03-05,24.709999084472656,25.40800094604492,24.709999084472656,25.40800094604492,25.40800094604492,200
2020-03-06,25.965999603271484,25.965999603271484,25.965999603271484,25.965999603271484,25.965999603271484,100
2020-03-09,29.71999931335449,30.21999931335449,28.0,29.152000427246094,29.152000427246094,12800
2020-03-10,26.905000686645508,27.850000381469727,25.76099967956543,25.76099967956543,25.76099967956543,3700
2020-03-11,26.554000854492188,26.554000854492188,26.554000854492188,26.554000854492188,26.554000854492188,400
2020-03-12,28.229999542236328,28.229999542236328,25.5,25.8799991607666,25.8799991607666,8000
2020-03-13,24.57999992370605,24.65999984741211,22.940000534057617,22.988000869750977,22.988000869750977,9700
2020-03-16,24.06999969482422,25.57999992370605,24.06999969482422,25.15800094604492,25.15800094604492,1800
2020-03-17,23.70400047302246,23.70400047302246,23.43899917602539,23.43899917602539,23.43899917602539,500
2020-03-18,23.040000915527344,23.09199905395508,22.71999931335449,23.09199905395508,23.09199905395508,2100
2020-03-19,21.670000076293945,21.670000076293945,20.8129997253418,20.8129997253418,20.8129997253418,800
2020-03-20,20.81999969482422,20.81999969482422,20.38999938964844,20.530000686645508,20.530000686645508,5300
2020-03-23,20.76000022888184,20.76000022888184,20.299999237060547,20.39699935913086,20.39699935913086,3000
2020-03-24,20.780000686645508,20.780000686645508,20.250999450683597,20.250999450683597,20.250999450683597,20200
2020-03-25,20.36000061035156,20.50200080871582,20.26000022888184,20.50200080871582,20.50200080871582,2300
2020-03-26,21.489999771118164,21.81999969482422,21.489999771118164,21.81999969482422,21.81999969482422,7900
2020-03-27,22.270000457763672,23.13999938964844,22.270000457763672,23.13599967956543,23.13599967956543,12600
2020-03-30,23.100000381469727,23.106000900268555,22.25,23.106000900268555,23.106000900268555,12700
2020-03-31,23.100000381469727,23.323999404907227,23.100000381469727,23.323999404907227,23.323999404907227,300
2020-04-01,23.59000015258789,23.68099975585937,23.57999992370605,23.68099975585937,23.68099975585937,2000
2020-04-02,23.579999923706055,23.579999923706055,22.960100173950195,22.988000869750977,,24333
2020-04-03,22.5,22.572599411010742,22.389999389648438,22.572599411010742,,3301
2020-04-06,22.0,22.02899932861328,21.89579963684082,21.89579963684082,,1090
2020-04-07,22.239099502563477,22.239099502563477,22.239099502563477,22.239099502563477,,50
2020-04-08,22.3700008392334,22.3700008392334,22.110000610351562,22.183000564575195,,4469
2020-04-09,22.518299102783203,22.518299102783203,22.518299102783203,22.518299102783203,,145
2020-04-13,23.163000106811523,23.163000106811523,23.163000106811523,23.163000106811523,,82
2020-04-14,23.420499801635742,23.587200164794922,23.420499801635742,23.587200164794922,,176
2020-04-15,23.06999969482422,23.24970054626465,23.06999969482422,23.24970054626465,,1166
2020-04-16,23.10810089111328,23.10810089111328,23.10810089111328,23.10810089111328,,27
2020-04-17,23.199800491333008,23.199800491333008,23.199800491333008,23.199800491333008,,6
2020-04-20,23.0718994140625,23.0718994140625,23.0718994140625,23.0718994140625,,8
2020-04-21,23.06999969482422,23.06999969482422,23.06290054321289,23.06290054321289,,258
2020-04-22,23.09239959716797,23.09239959716797,23.09239959716797,23.09239959716797,,3
2020-04-23,23.239999771118164,23.25,23.180299758911133,23.180299758911133,,2512
2020-04-24,23.355600357055664,23.355600357055664,23.355600357055664,23.355600357055664,,69
2020-04-27,23.459999084472656,23.469999313354492,23.45439910888672,23.46969985961914,,1709
2020-04-28,23.809999465942383,23.82069969177246,23.804899215698242,23.804899215698242,,3098
2020-04-29,23.940200805664062,24.040000915527344,23.940000534057617,24.040000915527344,,1009
2020-04-30,23.719999313354492,23.7549991607666,23.649999618530273,23.649999618530273,,4000
2020-05-01,23.90999984741211,23.90999984741211,23.828899383544922,23.828899383544922,,392
2020-05-04,23.940900802612305,23.940900802612305,23.940900802612305,23.940900802612305,,96
2020-05-05,24.110000610351562,24.135700225830078,24.107500076293945,24.135700225830078,,1662
2020-05-06,24.528099060058594,24.530000686645508,24.49570083618164,24.49570083618164,,315
2020-05-07,24.1200008392334,24.302000045776367,24.1200008392334,24.302000045776367,,516
2020-05-08,23.959999084472656,23.959999084472656,23.928800582885742,23.928800582885742,,4915
2020-05-11,23.239999771118164,23.239999771118164,23.059900283813477,23.112499237060547,,2240
2020-05-12,23.420000076293945,23.46179962158203,23.420000076293945,23.46179962158203,,7117
2020-05-13,23.639999389648438,23.639999389648438,23.617000579833984,23.617000579833984,,162
2020-05-14,23.68000030517578,23.68000030517578,23.363100051879883,23.363100051879883,,273
2020-05-15,23.360000610351562,23.421600341796875,23.34000015258789,23.421600341796875,,273
2020-05-18,23.100000381469727,23.32270050048828,23.100000381469727,23.32270050048828,,2156
2020-05-19,23.002099990844727,23.002099990844727,23.002099990844727,23.002099990844727,,129
2020-05-20,23.159000396728516,23.159000396728516,23.159000396728516,23.159000396728516,,15
2020-05-21,22.950000762939453,23.13990020751953,22.950000762939453,23.134899139404297,,2997
2020-05-22,23.09670066833496,23.09670066833496,23.09670066833496,23.09670066833496,,39
2020-05-26,23.17919921875,23.17919921875,23.17919921875,23.17919921875,,4
2020-05-27,22.956300735473633,22.956300735473633,22.956300735473633,22.956300735473633,,105
2020-05-28,23.075199127197266,23.079999923706055,23.05590057373047,23.05590057373047,,1197
2020-05-29,22.881999969482422,22.881999969482422,22.881999969482422,22.881999969482422,,149
2020-06-01,23.079999923706055,23.082300186157227,23.059999465942383,23.082300186157227,,1056
2020-06-02,22.40999984741211,22.40999984741211,22.15999984741211,22.160400390625,,2599
2020-06-03,22.110000610351562,22.110000610351562,21.94499969482422,21.94499969482422,,1946
2020-06-04,22.09000015258789,22.100000381469727,21.8799991607666,21.94499969482422,,6146
2020-06-05,21.34000015258789,21.399999618530273,21.329999923706055,21.37779998779297,,1172
2020-06-08,22.43000030517578,22.440000534057617,22.36440086364746,22.36440086364746,,1728
2020-06-09,22.860000610351562,22.878999710083008,22.860000610351562,22.878999710083008,,433
2020-06-10,23.280000686645508,23.436100006103516,23.280000686645508,23.436100006103516,,164
2020-06-11,23.6200008392334,23.62980079650879,23.6200008392334,23.62980079650879,,517
2020-06-12,23.166500091552734,23.166500091552734,23.166500091552734,23.166500091552734,,244
2020-06-15,23.20789909362793,23.20789909362793,23.20789909362793,23.20789909362793,,344
2020-06-16,23.242799758911133,23.242799758911133,23.242799758911133,23.242799758911133,,18
2020-06-17,23.49250030517578,23.49250030517578,23.49250030517578,23.49250030517578,,1
2020-06-18,23.54360008239746,23.54360008239746,23.54360008239746,23.54360008239746,,42
2020-06-19,23.653900146484375,23.653900146484375,23.653900146484375,23.653900146484375,,28
2020-06-22,23.556800842285156,23.556800842285156,23.556800842285156,23.556800842285156,,35
2020-06-23,24.049999237060547,24.059999465942383,23.913299560546875,23.913299560546875,,932
2020-06-24,23.709999084472656,23.709999084472656,23.48419952392578,23.48419952392578,,3169
2020-06-25,23.25,23.3799991607666,23.25,23.356199264526367,,3487
2020-06-26,23.316999435424805,23.316999435424805,23.316999435424805,23.316999435424805,,76
2020-06-29,22.951900482177734,22.951900482177734,22.951900482177734,22.951900482177734,,32
2020-06-30,22.64780044555664,22.64780044555664,22.64310073852539,22.64310073852539,,285
2020-07-01,23.063899993896484,23.063899993896484,23.063899993896484,23.063899993896484,,50
2020-07-02,22.998699188232422,22.998699188232422,22.998699188232422,22.998699188232422,,20
2020-07-06,23.09000015258789,23.09000015258789,23.084999084472656,23.084999084472656,,337
2020-07-07,22.984800338745117,22.984800338745117,22.984800338745117,22.984800338745117,,86
2020-07-08,23.1299991607666,23.25349998474121,23.1299991607666,23.25349998474121,,851
2020-07-09,23.260000228881836,23.289199829101562,23.260000228881836,23.289199829101562,,4353
2020-07-10,23.511999130249023,23.511999130249023,23.511999130249023,23.511999130249023,,20
2020-07-13,23.219999313354492,23.238000869750977,23.21269989013672,23.238000869750977,,626
2020-07-14,23.260000228881836,23.266700744628906,23.210599899291992,23.210599899291992,,240
2020-07-15,23.719999313354492,23.719999313354492,23.49880027770996,23.49880027770996,,860
2020-07-16,23.3799991607666,23.3799991607666,23.13629913330078,23.13629913330078,,1512
2020-07-17,23.440000534057617,23.475900650024414,23.43549919128418,23.475900650024414,,2003
2020-07-20,23.225000381469727,23.225000381469727,23.225000381469727,23.225000381469727,,14
2020-07-21,23.59779930114746,23.59779930114746,23.59779930114746,23.59779930114746,,101
2020-07-22,23.280000686645508,23.30190086364746,23.2632999420166,23.2632999420166,,416
2020-07-23,23.655000686645508,23.655000686645508,23.655000686645508,23.655000686645508,,361
2020-07-24,24.43000030517578,24.5,24.322500228881836,24.322500228881836,,9024
2020-07-27,24.841899871826172,24.959999084472656,24.84000015258789,24.860000610351562,,5957
2020-07-28,25.049999237060547,25.147600173950195,25.049999237060547,25.147600173950195,,3003
2020-07-29,25.193599700927734,25.193599700927734,25.193599700927734,25.193599700927734,,243
2020-07-30,25.170000076293945,25.420700073242188,25.170000076293945,25.420700073242188,,346
2020-07-31,24.670000076293945,24.670000076293945,24.350099563598633,24.399099349975586,,957
2020-08-03,24.049999237060547,24.28030014038086,24.049999237060547,24.28030014038086,,2080
2020-08-04,24.3799991607666,24.568500518798828,24.3799991607666,24.568500518798828,,1163
2020-08-05,24.739999771118164,24.75,24.549999237060547,24.603700637817383,,739
2020-08-06,24.6481990814209,24.6481990814209,24.6481990814209,24.6481990814209,,94
2020-08-07,24.329999923706055,24.329999923706055,24.297500610351562,24.297500610351562,,546
2020-08-10,24.34000015258789,24.356599807739258,24.239999771118164,24.239999771118164,,1020
2020-08-11,23.739900588989258,23.739900588989258,23.739900588989258,23.739900588989258,,100
2020-08-12,23.459999084472656,23.5,23.433300018310547,23.433300018310547,,2138
2020-08-13,23.371700286865234,23.371700286865234,23.371700286865234,23.371700286865234,,45
2020-08-14,23.667400360107422,23.667400360107422,23.667400360107422,23.667400360107422,,40
2020-08-17,24.06999969482422,24.225200653076172,24.029199600219727,24.225200653076172,,1338
2020-08-18,24.766700744628906,24.766700744628906,24.766700744628906,24.766700744628906,,93
2020-08-19,24.121999740600586,24.121999740600586,24.121999740600586,24.121999740600586,,60
2020-08-20,24.25,24.38610076904297,24.25,24.38610076904297,,278
2020-08-21,24.328399658203125,24.328399658203125,24.328399658203125,24.328399658203125,,28
2020-08-24,24.190000534057617,24.190000534057617,24.190000534057617,24.190000534057617,,4
2020-08-25,23.808700561523438,23.808700561523438,23.808700561523438,23.808700561523438,,137
2020-08-26,24.020000457763672,24.160600662231445,24.020000457763672,24.160600662231445,,308
2020-08-27,23.540000915527344,23.6200008392334,23.540000915527344,23.611499786376953,,1413
2020-08-28,24.663700103759766,24.715599060058594,24.663700103759766,24.715599060058594,,3299
2020-08-31,24.15999984741211,24.236099243164062,24.15999984741211,24.236099243164062,,443
2020-09-01,24.200000762939453,24.200000762939453,24.200000762939453,24.200000762939453,,7
2020-09-02,23.974700927734375,23.974700927734375,23.974700927734375,23.974700927734375,,19
2020-09-03,24.079999923706055,24.09000015258789,24.079999923706055,24.079999923706055,,918
2020-09-04,23.941099166870117,23.941099166870117,23.941099166870117,23.941099166870117,,83
2020-09-08,24.170000076293945,24.170000076293945,24.110000610351562,24.110000610351562,,1138
2020-09-09,23.972999572753906,23.972999572753906,23.972999572753906,23.972999572753906,,6
2020-09-10,24.0,24.029199600219727,24.0,24.029199600219727,,100
2020-09-11,24.048099517822266,24.048099517822266,24.048099517822266,24.048099517822266,,1
2020-09-14,24.402599334716797,24.402599334716797,24.402599334716797,24.402599334716797,,4
2020-09-15,24.660200119018555,24.660200119018555,24.660200119018555,24.660200119018555,,106
2020-09-16,25.140100479125977,25.140100479125977,25.030399322509766,25.030399322509766,,408
2020-09-17,25.399999618530273,25.406999588012695,25.31999969482422,25.31999969482422,,424
2020-09-18,25.559999465942383,25.68000030517578,25.41119956970215,25.41119956970215,,1158
2020-09-21,25.59000015258789,25.59000015258789,25.20479965209961,25.296300888061523,,3217
2020-09-22,25.15999984741211,25.229999542236328,25.049999237060547,25.06800079345703,,1213
2020-09-23,24.780000686645508,24.809999465942383,24.610000610351562,24.639400482177734,,785
2020-09-24,24.60689926147461,24.60689926147461,24.60689926147461,24.60689926147461,,66
2020-09-25,24.435400009155273,24.435400009155273,24.435400009155273,24.435400009155273,,2
2020-09-28,24.5398006439209,24.5398006439209,24.5398006439209,24.5398006439209,,63
2020-09-29,24.373899459838867,24.373899459838867,24.373899459838867,24.373899459838867,,10
2020-09-30,24.299999237060547,24.556400299072266,24.290000915527344,24.556400299072266,,3757
2020-10-01,24.475099563598633,24.475099563598633,24.475099563598633,24.475099563598633,,25
2020-10-02,24.61440086364746,24.61440086364746,24.61440086364746,24.61440086364746,,16
2020-10-05,24.440000534057617,24.456600189208984,24.252199172973633,24.252199172973633,,371
2020-10-06,24.456300735473633,24.456300735473633,24.456300735473633,24.456300735473633,,35
2020-10-07,24.00950050354004,24.00950050354004,24.00950050354004,24.00950050354004,,6
2020-10-08,24.03339958190918,24.03339958190918,24.03339958190918,24.03339958190918,,140
2020-10-09,24.2450008392334,24.389299392700195,24.2450008392334,24.389299392700195,,350
2020-10-12,24.639999389648438,24.66010093688965,24.636199951171875,24.636199951171875,,1791
2020-10-13,24.508100509643555,24.508100509643555,24.508100509643555,24.508100509643555,,14
2020-10-14,24.834999084472656,24.87030029296875,24.81999969482422,24.87030029296875,,2601
2020-10-15,24.519399642944336,24.519399642944336,24.519399642944336,24.519399642944336,,49
2020-10-16,24.547500610351562,24.547500610351562,24.547500610351562,24.547500610351562,,30
2020-10-19,24.540000915527344,24.56999969482422,24.540000915527344,24.56999969482422,,255
2020-10-20,24.49329948425293,24.49329948425293,24.49329948425293,24.49329948425293,,37
2020-10-21,25.36870002746582,25.36870002746582,25.36870002746582,25.36870002746582,,8
2020-10-22,25.040000915527344,25.040000915527344,25.03969955444336,25.03969955444336,,575
2020-10-23,25.19379997253418,25.19379997253418,25.19379997253418,25.19379997253418,,100
2020-10-26,25.05780029296875,25.05780029296875,25.05780029296875,25.05780029296875,,112
2020-10-27,25.39189910888672,25.39189910888672,25.39189910888672,25.39189910888672,,139
2020-10-28,25.59000015258789,25.59000015258789,25.530000686645508,25.53350067138672,,1570
2020-10-29,25.389999389648438,25.389999389648438,25.229999542236328,25.254600524902344,,882
2020-10-30,25.469900131225586,25.469900131225586,25.469900131225586,25.469900131225586,,60
2020-11-02,25.469900131225586,25.469900131225586,25.469900131225586,25.469900131225586,,0
2020-11-03,25.469900131225586,25.469900131225586,25.469900131225586,25.469900131225586,,0
2020-11-04,25.469900131225586,25.469900131225586,25.469900131225586,25.469900131225586,,0
2020-11-05,25.469900131225586,25.469900131225586,25.469900131225586,25.469900131225586,,0
